Car Make,Car Model,Year,Engine Size (L),Horsepower,Torque (lb-ft),0-60 MPH Time (seconds),Price (in USD)
Porsche,911,2022,3,379,331,4,"101,200"
Lamborghini,Huracan,2021,5.2,630,443,2.8,"274,390"
Ferrari,488 GTB,2022,3.9,661,561,3,"333,750"
Audi,R8,2022,5.2,562,406,3.2,"142,700"
McLaren,720S,2021,4,710,568,2.7,"298,000"
BMW,M8,2022,4.4,617,553,3.1,"130,000"
Mercedes-Benz,AMG GT,2021,4,523,494,3.8,"118,500"
Chevrolet,Corvette,2021,6.2,490,465,2.8,"59,900"
Ford,Mustang Shelby GT500,2022,5.2,760,625,3.5,"81,000"
Nissan,GT-R Nismo,2021,3.8,600,481,2.5,"212,000"
Aston Martin,DB11,2021,5.2,630,516,3.5,"201,495"
Bugatti,Chiron,2021,8,1500,1180,2.4,"3,000,000"
Dodge,Challenger SRT Hellcat,2022,6.2,717,656,3.5,"61,000"
Jaguar,F-Type,2022,3,296,295,5.4,"70,100"
Koenigsegg,Jesko,2021,5,1280,1015,2.5,"2,800,000"
Lexus,LC 500,2021,5,471,398,4.4,"92,950"
Lotus,Evora GT,2021,3.5,416,317,3.8,"104,450"
Maserati,GranTurismo,2021,4.7,454,384,4.8,"150,000"
Porsche,Boxster,2021,2,300,280,4.7,"62,000"
Alfa Romeo,Giulia Quadrifoglio,2022,2.9,505,443,3.8,"78,000"
Ariel,Atom,2021,2,320,243,2.8,"75,000"
Bentley,Continental GT,2021,6,626,664,3.6,"225,000"
McLaren,Artura,2022,3,671,531,3,"225,000"
Mercedes-AMG,SLS AMG,2021,6.2,622,468,3.5,"248,000"
Pagani,Huayra,2021,6,720,737,2.8,"2,800,000"
Polestar,1,2021,2,600,738,4.1,"155,000"
Rimac,Nevera,2022,Electric,1914,1696,1.85,"2,400,000"
Porsche,Cayman GT4,2022,4,414,309,3.8,"100,200"
Lamborghini,Aventador SVJ,2021,6.5,759,531,2.8,"517,770"
Ferrari,SF90 Stradale,2021,4,986,590,2.5,"625,000"
Audi,RS7,2022,4,591,590,3.5,"117,000"
McLaren,Artura,2021,3,671,531,3,"225,000"
BMW,M4,2022,3,503,479,3.8,"72,800"
Mercedes-Benz,SLS AMG,2015,6.2,622,468,3.2,"222,000"
Chevrolet,Camaro ZL1,2021,6.2,650,650,3.5,"64,695"
Ford,GT,2022,3.5,660,550,3,"500,000"
Nissan,370Z Nismo,2021,3.7,350,276,4.5,"45,690"
Porsche,Taycan 4S,2022,Electric Motor,562,479,3.8,"104,000"
Lamborghini,Urus,2021,4,641,626,3.5,"218,000"
Ferrari,Roma,2021,3.9,611,561,3.3,"222,000"
Audi,RS3,2022,2.5,394,369,3.9,"57,000"
McLaren,GT,2021,4,612,465,3.1,"210,000"
BMW,i8,2020,1.5 + Electric,369,420,4.2,"148,500"
Mercedes-Benz,CLS63 AMG,2019,4,603,627,3.4,"132,000"
Porsche,Cayman,2021,2,300,280,5.1,"58,900"
Lamborghini,Aventador SVJ,2021,6.5,759,531,2.8,"518,000"
Ferrari,SF90 Stradale,2021,4,986,590,2.5,"625,000"
Audi,RS3,2022,2.5,394,369,3.9,"56,200"
McLaren,570S,2021,3.8,562,443,2.8,"192,500"